Latitude,Longitude,Occurrence Status
-33.121788,150.320746,1
-36.592011,148.172262,0
-35.4551,146.693465,0
-33.076261,149.547177,1
-35.529729,146.627272,0
-32.561371,148.403505,0
-37.549163,147.815707,0
-36.427744,143.553059,1
-37.222868,149.594181,0
-36.914472,144.337251,1
-32.611956,147.212626,0
-34.532058,150.218102,1
-36.369848,146.078293,1
-34.086475,151.07305,1
-37.891455,144.758571,1
-38.359007,144.24904,1
-36.160055,142.914632,0
-37.891653,143.363239,1
-33.298273,150.123403,1
-34.947021,149.258215,1
-36.82949,141.007382,0
-38.180041,146.147156,1
-35.02057,150.495851,1
-36.786818,142.662296,0
-36.579393,141.123254,0
-36.84805,145.50302,1
-38.170314,144.510612,1
-34.8393,150.512,1
-34.376826,150.885466,1
-33.5308,150.654,1
-37.854069,144.03061,1
-33.6902,150.543,1
-36.055325,146.980923,1
-36.38836,141.511165,0
-33.963274,151.045537,1
-38.1779,144.459,1
-33.186924,147.72652,0
-35.54035,142.475661,0
-37.421729,143.896228,1
-38.256592,144.549677,1
-33.432768,146.331268,0
-35.1973,148.2,1
-35.141688,150.159464,1
-32.793794,149.449179,1
-33.707261,150.908509,1
-38.522988,142.732201,1
-38.388185,143.622355,1
-37.423947,143.896742,1
-33.122449,150.322622,1
-38.3566,144.982,1
-35.946534,148.629347,1
-35.648,150.294,1
-38.149189,145.931192,1
-37.409849,144.623319,1
-38.583446,146.263592,1
-34.038461,150.413638,0
-32.538821,148.625312,1
-37.807592,145.263583,1
-37.5864,143.699,1
-34.287753,146.439733,0
-35.278056,149.109571,1
-37.6645,145.182,1
-37.430558,144.850904,1
-35.074999,150.402355,1
-37.278688,145.190827,1
-37.891794,143.36323,1
-34.607508,144.776166,0
-32.1694,148.586,1
-33.4709,150.171,1
-37.873,147.579,1
-34.534976,145.508442,0
-34.825677,149.825126,1
-35.559765,142.081194,0
-35.39039,148.92277,1
-36.557704,146.078031,1
-34.291116,149.736521,1
-34.685437,144.051874,0
-37.732611,144.05537,1
-37.879397,145.573943,1
-36.521569,141.474971,0
-37.640145,140.831962,1
-36.823254,144.348285,1
-38.367486,144.251581,1
-37.7884,145.044,1
-35.9998,146.377,1
-33.766661,150.974445,1
-34.060428,151.079616,1
-37.166995,149.586853,0
-37.340118,144.160279,1
-35.016822,142.849841,0
-34.747725,150.813178,1
-33.712755,150.602852,1
-37.344406,144.15575,1
-37.6394,145.187,1
-37.630888,145.757646,0
-37.05042,144.1823,1
-36.366181,146.699669,1
-36.573965,149.406564,0
-37.809554,145.637306,1
-37.281916,148.272642,0
-34.808267,148.894866,1
-33.590642,147.088547,0
-36.230584,150.094249,1
-33.526344,150.705264,1
-33.949117,149.405723,1
-33.004767,145.771532,0
-31.603757,148.729175,0
-37.670687,143.954784,1
-34.033844,151.166512,1
-33.526911,146.988888,0
-36.267033,146.276071,0
-36.0247,146.99,1
-33.232728,146.196813,0
-37.891591,143.363319,1
-33.514607,144.983971,0
-36.963607,147.405984,0
-33.5168,149.355,1
-37.5027,145.171,1
-34.496138,150.776984,1
-37.77533,146.75292,0
-35.1289,149.344,1
-37.898009,143.36305,1
-37.577293,143.881421,1
-34.493705,150.76645,1
-37.80744,145.263599,1
-33.095453,150.379784,1
-37.766698,145.254588,1
-37.730166,144.052272,1
-34.496576,150.776867,1
-38.25695,144.548965,1
-35.438366,149.799387,1
-37.8174,140.777,0
-34.258783,150.067484,1
-32.984,149.756,1
-37.58537,141.822854,0
-38.114553,145.959166,1
-36.57063,145.686327,0
-37.7924,145.387,1
-32.33468,149.632917,0
-36.665548,141.508973,0
-38.731567,145.98641,1
-34.739421,150.547891,1
-34.046944,151.085276,1
-33.755127,150.622943,1
-37.8951,145.342,1
-33.113493,146.879518,0
-33.50543,150.662061,1
-33.999262,149.165196,0
-37.4223,145.071,1
-34.649061,149.183108,1
-37.073356,144.502548,1
-33.769989,150.968517,1
-34.0671,150.77,1
-36.045925,149.524741,0
-35.9202,150.085,1
-37.577576,143.881287,1
-36.491939,147.093199,0
-33.756187,150.623267,1
-38.103665,141.983857,0
-35.4162,149.2343,1
-37.1333,143.96,1
-38.257263,144.552068,1
-35.128977,148.277068,0
-37.955389,143.332181,1
-37.85683,143.064394,0
-38.372916,145.120134,1
-37.640071,148.438514,0
-34.496607,150.776944,1
-37.752406,144.971029,1
-37.807399,145.263929,1
-36.722216,142.208902,1
-35.090716,150.648945,1
-37.345174,148.001017,0
-32.15414,148.785592,1
-37.962253,144.134905,1
-37.7908,145.596,1
-35.767637,141.460057,0
-35.251711,143.185741,0
-36.03961,146.984838,1
-38.200169,143.981731,0
-38.669835,146.206869,1
-37.252164,149.292131,0
-38.1985,145.12,1
-37.807898,145.564305,1
-33.198696,148.844684,1
-34.3278,148.299,1
-35.498749,146.545662,0
-34.463355,150.759598,1
-37.856434,145.319709,1
-35.660442,145.050726,0
-37.064209,145.301392,1
-36.199268,148.307608,1
-31.435516,148.553927,0
-34.0184,150.852,1
-34.4966,150.776875,1
-37.4862,145.138,1
-33.990418,148.201748,0
-37.732172,144.057639,1
-35.321208,145.89733,0
-37.047585,146.593214,0
-33.868475,149.918384,0
-36.26734,150.086889,1
-37.791141,140.368747,0
-34.320068,150.570086,1
-36.689355,144.327905,1
-33.718,150.427,1
-34.224642,149.516076,0
-33.203429,147.316604,0
-37.942312,146.726591,1
-37.807719,145.263373,1
-33.490117,150.210192,1
-32.877867,149.288555,1
-34.372424,150.890125,1
-35.691186,146.954783,1
-35.696635,144.589158,0
-36.331125,149.00823,0
-38.258798,145.183608,1
-37.372057,145.741145,1
-37.587439,149.218951,0
-37.6936,140.29723,1
-37.8546,144.163,1
-33.6473,150.267,1
-36.564615,140.888606,0
-37.94896,143.30726,1
-36.280697,141.698807,1
-36.321625,146.301272,1
-38.4596,145.222,1
-36.022648,147.959847,0
-38.046938,147.217732,1
-37.453278,143.864057,1
-33.603046,150.740368,1
-34.920943,143.208702,0
-34.683243,150.79241,1
-33.913706,150.965809,1
-37.343613,144.178512,1
-37.745846,149.399801,0
-33.713257,150.47524,1
-34.720082,150.822432,1
-35.0942,149.353,1
-35.383684,149.20259,1
-35.198216,149.34277,1
-36.32088,146.301556,1
-36.192981,144.477187,1
-34.490223,145.526249,0
-34.0584,151.067,1
-37.874991,143.419237,1
-34.493736,150.766458,1
-34.404078,145.269788,0
-34.0382,151.077,1
-31.134916,148.887296,1
-37.74765,145.28709,1
-37.891743,143.363322,1
-38.256844,144.548951,1
-37.111263,143.025614,0
-35.990876,145.991868,1
-35.154955,146.172406,1
-37.678854,145.813913,1
-38.3729,144.173,1
-37.805578,147.413213,1
-33.720007,150.599146,1
-34.539488,150.386967,1
-38.181993,146.313079,1
-32.693586,148.743045,0
-35.425287,142.434207,0
-36.501564,146.42676,1
-34.281906,148.368015,1
-34.79155,142.924461,0
-37.894822,144.218654,1
-35.159874,149.117272,1
-33.736781,150.618435,1
-33.963309,150.953773,1
-32.20981,147.959857,0
-32.183642,149.300147,0
-35.266058,145.910972,0
-33.363359,147.13024,0
-38.028973,145.171897,0
-36.621146,148.50974,0
-34.754151,148.076098,1
-32.803557,146.6852,0
-34.355101,144.772987,0
-36.1213,146.893,1
-35.157581,147.371822,1
-37.966949,144.111374,1
-33.756148,150.623573,1
-33.6975,150.392,1
-33.785187,150.98402,1
-34.920079,147.391667,0
-35.82573,149.586564,1
-35.768661,146.758662,0
-35.584909,149.797579,0
-33.799584,144.941215,0
-31.69304,148.98162,0
-34.97568,149.033872,1
-34.334616,144.693297,0
-34.340146,150.910486,1
-35.009396,150.512383,1
-37.758175,145.08137,1
-32.194172,148.900271,1
-36.678644,144.294655,1
-37.8712,145.083,1
-37.408489,145.508929,1
-34.227833,150.989649,1
-37.387178,144.319695,1
-34.62364,149.996655,0
-34.0423,151.112,1
-34.036964,151.046755,1
-36.03424,146.985501,1
-33.102389,147.108134,0
-33.769087,150.481652,1
-36.987853,143.568521,1
-35.460192,146.85986,0
-34.557493,150.432401,1
-37.692581,145.33179,1
-37.879577,143.366346,1
-34.239619,148.653784,0
-36.055325,146.755369,1
-33.0324,149.417,1
-34.691213,149.075231,1
-34.968933,149.028989,1
-34.775558,144.735847,0
-34.016267,146.272835,0
-33.926677,147.930437,0
-33.455279,149.152538,1
-35.236615,143.478921,1
-34.545132,150.779539,1
-37.596247,144.239386,1
-37.343825,144.178493,1
-35.3294,143.561,1
-33.687346,150.492411,1
-37.976516,147.09776,1
-36.453531,145.462359,0
-34.636965,147.109826,0
-34.1478,150.827,1
-38.149017,145.929182,1
-34.480199,150.896064,1
-37.2379,144.339,1
-35.2237,149.622,1
-37.600934,145.002848,1
-33.755268,150.623704,1
-36.129123,144.393167,1
-36.406319,141.70983,0
-37.730045,144.052381,1
-37.761626,144.95662,1
-37.793956,145.303458,1
-37.891429,143.362754,1
-36.621876,149.644471,1
-37.481128,143.809113,1
-35.099421,145.829732,0
-37.703986,141.526144,0
-37.348993,144.750633,1
-35.8543,147.284,0
-37.504121,149.909819,1
-34.321869,149.363764,0
-38.374902,144.775051,1
-33.271345,145.404002,0
-38.14905,142.886321,0
-36.972451,144.179354,1
-38.167241,143.255934,1
-37.723562,145.686211,1
-33.761191,150.886961,1
-33.3427,149.015,1
-35.16808,147.677727,0
-38.296002,144.394345,1
-34.596006,143.480126,0
-34.8902,150.6,1
-33.195977,146.198442,0
-32.276539,148.534864,1
-37.227599,145.907575,1
-34.9708,149.03,1
-38.3406,146.324,0
-34.429306,150.807922,1
-38.0076,145.129,1
-33.749289,150.982098,1
-34.947061,149.258275,1
-35.384405,142.192701,0
-34.73429,149.432811,1
-34.4423,150.839,1
-36.621178,142.638565,0
-37.8492,145.192,1
-36.366246,147.739526,0
-37.770782,145.101968,1
-34.149926,149.372675,0
-35.587518,150.346089,1
-33.966562,146.321338,0
-38.483423,145.961679,1
-33.504885,146.545716,0
-37.598001,144.232512,1
-35.5257,150.392,1
-33.861131,148.276882,0
-37.5379,143.791,1
-35.287128,145.265261,0
-33.539273,150.422321,1
-37.808132,145.263385,1
-37.444171,142.751602,0
-33.7028,150.286,1
-34.168502,150.590349,1
-35.7838,150.227,1
-37.752818,145.699466,1
-33.541775,147.345351,0
-36.670468,143.091085,0
-34.8901,150.599,1
-33.881801,145.200301,0
-37.0509,144.216,1
-35.742231,145.371947,0
-33.4726,150.171,1
-36.374102,147.507889,0
-34.08017,151.018784,1
-35.05863,142.855845,0
-32.009967,149.777145,0
-34.089481,150.813375,1
-32.224293,147.931271,0
-37.47588,142.040345,0
-37.732707,147.672788,1
-35.243988,148.951511,1
-32.85661,149.977242,0
-34.001018,151.060791,1
-32.147377,147.172292,0
-37.715689,143.848735,1
-32.205423,147.674862,0
-34.001086,151.078511,1
-38.1603,147.087,1
-35.250561,149.628107,1
-32.082779,149.267743,0
-34.540771,146.428987,1
-37.538163,144.119923,1
-33.332039,145.386966,0
-37.891671,143.363579,1
-35.621135,145.34169,0
-33.362418,147.181909,0
-33.719766,150.92827,1
-35.126091,145.735352,0
-35.754432,150.199254,1
-34.652669,144.046689,0
-36.055586,146.980573,1
-34.7534,146.546,1
-34.492873,150.768609,1
-33.774049,150.969328,1
-36.632015,144.668462,1
-37.6724,144.594,1
-34.159193,151.073826,1
-34.23,146.033,1
-36.042659,145.008708,1
-34.831243,145.904163,0
-34.0569,151.152,1
-37.8997,145.356,1
-36.767809,147.124556,0
-33.4788,148.984,1
-37.885245,140.743114,0
-37.549138,149.460864,1
-32.258756,148.58497,1
-34.278086,146.080385,1
-33.8446,150.899,1
-33.895679,147.442194,0
-36.157563,147.967053,0
-34.438451,150.713922,1
-37.807397,145.263671,1
-34.421418,145.095751,0
-38.007415,145.999063,1
-38.44686,146.22073,1
-33.783646,145.399511,0
-34.217548,150.600784,1
-35.277734,144.509851,1
-36.557718,146.078037,1
-33.542941,147.731028,0
-35.8279,150.172,1
-34.470381,148.480924,1
-37.537813,146.901984,0
-34.5803,150.774,1
-34.406224,148.233902,0
-34.00347,151.06688,1
-35.278334,149.112836,1
-37.84089,144.073658,1
-33.961507,150.407938,0
-34.676548,150.803658,1
-33.9038,151.073,1
-32.705174,148.243049,0
-34.667297,150.279581,1
-37.807563,145.26358,1
-31.556036,148.289335,0
-34.755,149.731,1
-37.049855,144.217238,1
-33.692078,150.532653,1
-33.70067,150.583827,1
-36.772544,144.540236,1
-33.452225,148.444436,0
-37.473923,143.951581,1
-36.275849,146.613918,1
-37.063669,144.757124,1
-35.1091,147.371,1
-34.5886,150.536,1
-36.938123,149.428236,0
-37.587189,142.318336,1
-33.694972,150.72546,1
-33.9181,150.944,1
-34.8146,149.597,1
-35.80009,148.476942,0
-35.589796,149.494105,1
-32.621737,149.114325,0
-36.576873,144.789806,0
-33.676773,149.072069,0
-35.431266,149.210211,1
-38.072868,142.850416,0
-36.729653,141.739389,0
-33.758118,150.858161,1
-34.190552,150.985083,1
-35.919703,150.085322,1
-35.347268,149.237376,1
-34.188871,143.966803,0
-34.59021,150.863284,1
-37.550778,144.725211,1
-37.343685,144.178652,1
-37.89167,143.363226,1
-35.4282,149.132,1
-35.030467,143.319067,0
-35.154935,149.329183,1
-35.946243,148.626605,1
-32.487676,150.126096,0
-34.336375,145.162135,0
-36.188378,145.843676,1
-34.672058,150.716286,1
-34.531511,150.21798,1
-38.017834,143.455077,1
-37.307271,145.323893,1
-33.659389,150.682276,1
-33.24205,150.206024,1
-35.5471,149.442,1
-33.316,149.01,1
-37.7623,145.367,1
-32.330202,147.167529,0
-37.343485,144.175442,1
-34.100034,144.354291,0
-38.17018,144.510773,1
-35.183465,149.083347,1
-35.711574,147.868766,0
-32.448262,147.782028,0
-32.9762,149.96165,0
-37.119143,143.816532,1
-37.868516,145.294988,1
-38.256927,144.548835,1
-36.37569,143.832783,0
-36.12498,148.445034,1
-33.692928,144.722634,0
-35.4208,149.243,1
-37.745758,145.171704,1
-37.9782,147.071,1
-34.7346,150.789,1
-35.043114,150.668307,1
-36.047649,146.106837,0
-34.231037,150.985018,1
-37.395876,141.060005,0
-37.88265,144.529827,1
-34.456269,150.262967,1
-33.60498,150.883117,1
-35.826,148.06,0
-35.472645,146.471551,0
-33.656444,150.324683,1
-37.476576,147.323019,0
-37.633794,143.7849,1
-37.817932,145.257802,1
-36.816,144.346,1
-36.799001,144.357505,1
-32.540651,146.904512,0
-36.528452,148.301398,0
-34.890417,150.186017,1
-33.405,147.972,0
-33.727105,150.698794,1
-37.233786,142.782494,1
-36.96539,144.181938,1
-35.16629,144.047511,1
-34.595032,150.850575,1
-37.877923,142.308199,0
-34.627676,147.816952,0
-35.857692,149.65031,0
-34.003754,150.863736,1
-32.336463,148.543854,1
-33.709118,150.909221,1
-33.702017,150.935315,1
-37.493618,144.583391,1
-37.508267,149.172882,0
-34.206959,144.413467,0
-32.488347,148.434063,0
-36.034132,146.985576,1
-35.396828,142.832881,0
-33.3307,149.002,1
-37.598724,144.231002,1
-37.499252,146.029271,0
-33.304503,149.958054,1
-35.333872,149.481485,1
-33.816897,145.32404,0
-34.472871,150.443973,0
-36.741565,149.941274,1
-34.4598,150.743,1
-33.506837,150.371371,1
-32.439558,147.8384,0
-32.69255,148.21554,0
-37.17141,142.801141,1
-34.913414,150.139465,1
-38.146722,143.849112,1
-38.270441,144.235109,1
-36.077271,146.87646,1
-33.350766,149.764893,1
-36.045745,146.997994,1
-33.714172,150.336786,1
-37.406702,148.209933,0
-37.881287,143.475059,1
-37.3442,145.026,1
-36.350239,148.84046,1
-35.196845,143.56524,0
-35.004822,146.435061,0
-36.502836,143.705495,1
-37.4855,144.585,1
-36.164469,146.406407,0
-35.707062,150.24491,1
-35.086481,145.110721,0
-38.071797,145.325524,1
-36.024401,148.716093,0
-36.359078,146.693907,1
-35.392705,144.241321,0
-35.454489,150.137713,1
-35.382477,149.107839,1
-37.854577,143.347845,1
-35.267913,147.100873,0
-38.018212,143.386633,1
-36.274103,146.827728,1
-36.225295,147.196918,0
-37.493134,144.583147,1
-37.6388,140.911,1
-38.3714,144.888,1
-34.573682,150.802013,1
-35.7687,146.021,1
-32.852037,147.584366,0
-36.237883,141.795451,0
-36.682191,142.666445,0
-35.756526,141.717214,0
-36.48632,146.205604,1
-33.44615,149.300253,1
-33.707621,149.215894,1
-37.8143,144.875,1
-38.014344,142.443135,0
-37.646469,140.575496,1
-37.023773,142.692532,1
-34.435324,150.893512,1
-35.942023,147.441016,0
-32.258687,148.585187,1
-37.874126,145.220794,1
-36.062343,145.900173,1
-36.034509,146.985182,1
-36.289706,144.087269,0
-36.557787,146.078041,1
-35.741694,150.190698,1
-37.402722,140.905602,0
-34.945741,145.155683,0
-38.205636,146.14991,1
-35.678042,145.387653,0
-33.949016,150.138656,1
-37.59762,144.237116,1
-34.496152,150.762637,1
-34.539168,150.386831,1
-37.029392,148.002502,0
-33.717375,148.983006,0
-34.514769,150.79354,1
-35.638275,150.300015,1
-35.779922,150.14361,1
-37.732407,144.057583,1
-35.1645,149.143,1
-33.995786,145.771943,0
-34.01018,148.837455,0
-34.324065,148.905593,0
-38.423584,145.051622,1
-36.879364,149.514667,0
-38.348631,142.765365,0
-35.624107,148.518549,0
-35.898603,147.492129,0
-36.147306,143.746074,1
-34.495508,150.775029,1
-37.94826,143.331348,1
-34.67646,150.803965,1
-32.493232,147.029782,0
-37.871337,146.884885,1
-33.710652,150.493606,1
-36.329204,146.833821,1
-34.4605,149.468,1
-33.952069,145.409034,0
-35.842508,143.116848,0
-34.484152,150.775899,1
-34.083221,151.018743,1
-34.095786,150.478001,1
-39.0161,146.34,1
-33.810972,146.246768,0
-32.267677,147.025415,0
-36.039854,146.984933,1
-36.082065,146.958837,1
-34.047203,144.775187,0
-33.6679,150.92,1
-34.590035,150.854493,1
-34.5934,150.524,1
-33.756224,150.623373,1
-34.601997,145.375435,0
-37.477955,147.013939,0
-34.1952,150.983,1
-35.192726,149.384158,1
-33.661945,150.279959,1
-34.305854,148.522603,1
-37.468241,149.609328,1
-31.645043,149.240151,0
-36.199202,146.800511,0
-34.3658,150.892,1
-37.99714,146.167601,1
-33.6647,150.808,1
-38.333582,142.154541,1
-36.987114,142.432278,0
-33.242004,150.206158,1
-37.597364,144.233352,1
-34.08551,151.019588,1
-37.136566,141.501879,0
-37.807566,145.263398,1
-36.6804,149.842,1
-36.385592,143.038114,0
-34.285388,148.369467,1
-36.482905,143.355572,0
-36.761391,149.913221,1
-37.732026,147.677007,1
-35.002382,148.110739,1
-37.309347,145.775693,1
-36.46735,145.933763,1
-37.3593,144.09,1
-35.775569,144.493741,0
-31.974678,149.220889,0
-37.351488,149.213585,0
-37.547512,149.4569,1
-36.4392,148.264,0
-36.7058,147.138,1
-36.218711,141.193807,0
-35.624651,144.163818,1
-34.4115,150.868,1
-38.302063,142.356398,1
-35.325256,146.266978,0
-33.730135,150.623286,1
-37.913422,143.360226,1
-33.7387,150.47,1
-34.8918,150.609,1
-36.400294,141.3488,0
-35.03913,143.332217,1
-37.371532,141.853038,0
-35.722939,149.528853,1
-32.353125,148.866116,0
-36.672952,140.508618,0
-37.675022,144.231274,1
-36.172138,150.018587,1
-37.289339,146.962405,0
-37.849486,140.736316,1
-37.891702,143.363226,1
-35.197542,149.34395,1
-37.713158,145.186392,1
-34.808989,146.688651,0
-37.517887,148.997886,0
-32.761343,146.537954,0
-36.635206,145.711464,1
-37.4864,144.698,1
-34.353197,148.722051,0
-37.339225,144.17605,1
-37.612,144.588,1
-34.3347,150.909,1
-37.700031,144.809457,1
-36.138519,146.996638,1
-36.724747,140.421504,0
-34.279481,146.0779,1
-35.773738,145.131433,0
-36.304299,144.554029,1
-35.4536,149.082,1
-35.101284,150.181833,1
-33.6341,150.292,1
-38.2387,144.577,1
-31.084464,149.009813,1
-37.041467,142.40657,1
-36.668606,144.01913,1
-37.6517,145.236,1
-35.470363,149.098296,1
-35.728401,148.305498,0
-36.557879,148.885939,0
-37.881116,147.890578,1
-36.59363,141.612248,0
-33.815425,150.091092,0
-37.593241,144.22333,1
-34.0082,151.082,1
-34.1503,150.823,1
-34.345,148.272,1
-34.29052,150.937803,1
-33.785392,151.009949,1
-37.126616,148.29126,0
-37.630652,145.708052,1
-37.026804,142.709184,1
-32.235149,148.652855,1
-33.574397,150.322287,1
-37.626984,143.883576,1
-34.76028,147.592708,0
-35.229131,142.775959,0
-31.941664,148.639665,0
-34.034067,150.150516,0
-36.2823,147.006072,1
-37.921246,142.762939,0
-38.368717,144.981516,1
-34.6718,150.724,1
-36.033436,147.016038,1
-38.1908,144.312,1
-34.069287,150.448333,1
-37.7154,145.056,1
-33.5744,148.441,0
-33.747253,150.86225,1
-35.506784,145.498677,0
-37.971391,145.950295,1
-37.8113,145.196,1
-33.582931,146.254986,0
-32.332047,147.665811,0
-33.511449,150.696507,1
-33.859253,150.869937,1
-34.496788,150.766956,1
-35.1636,149.146,1
-38.163928,142.914985,0
-33.3012,149.015,1
-37.732996,145.641753,1
-33.725831,148.553005,1
-31.8234,149.117,0
-35.549068,150.288869,1
-34.570154,149.711211,1
-34.851169,148.745299,1
-36.976878,145.392095,1
-34.013857,150.867469,1
-38.0577,145.135,1
-35.537874,149.665329,1
-34.408831,146.505683,0
-36.23065,150.094226,1
-33.975594,146.262429,0
-34.473363,144.813502,0
-36.69365,141.994096,0
-34.289416,145.419841,0
-36.502351,146.555827,1
-35.313751,149.19151,1
-37.744865,141.444861,0
-34.0683,150.825,1
-36.831421,143.70342,1
-33.978216,151.088118,1
-35.818033,145.596941,1
-34.413753,150.818091,1
-38.041373,145.921916,1
-35.2129,149.019,1
-35.242747,150.122856,0
-34.194943,146.48962,0
-34.028377,150.698941,1
-33.882455,147.685747,0
-36.218181,141.718034,0
-33.790384,148.977661,0
-38.128632,147.013759,1
-37.060333,143.743025,1
-36.0509,146.972,1
-37.8334,145.37,1
-38.331781,142.434148,1
-36.635082,142.627666,0
-37.852014,143.197871,0
-35.42691,143.956468,1
-34.140383,151.025995,1
-36.811247,141.019259,0
-37.405904,143.990966,1
-35.574006,150.345304,1
-38.024957,144.39622,1
-33.435492,149.563755,1
-34.523894,144.247745,0
-33.663086,150.60906,0
-37.514315,142.896856,0
-37.051827,144.215372,1
-37.891724,143.363311,1
-33.248613,150.194745,1
-37.47025,144.590426,1
-38.325721,144.220674,1
-37.8411,144.68,1
-33.501467,150.689442,1
-36.518955,147.90813,0
-33.752309,150.977557,1
-37.881905,144.796274,1
-37.593479,149.659104,0
-33.879213,151.041664,1
-34.426218,150.593911,1
-31.601166,149.046032,0
-37.134177,146.763319,0
-37.8262,145.161,1
-37.841909,145.109843,1
-33.708252,149.21573,1
-37.508262,141.705571,0
-34.538144,147.25381,0
-37.807481,145.263751,1
-34.618831,145.599476,0
-33.623984,148.384649,0
-34.060409,151.079598,1
-37.733151,141.264122,0
-36.633741,146.969343,0
-33.700714,150.584196,1
-34.493773,150.766443,1
-37.861541,145.523713,1
-33.7264,150.6,1
-36.224351,146.749944,0
-35.724678,149.637994,1
-33.897299,145.367719,0
-34.37133,147.829047,0
-35.3719,149.238,1
-37.507392,141.79032,0
-32.645296,148.378181,0
-35.190975,143.779251,0
-35.715963,150.142169,1
-32.833054,147.010614,0
-36.954293,149.923762,1
-37.294608,140.841394,0
-37.747579,145.286859,1
-37.8322,145.435,1
-35.756564,141.562591,0
-36.167926,146.141093,0
-35.605372,143.292479,0
-34.496073,150.776639,1
-33.4234,150.084,1
-35.47726,146.522584,0
-36.035265,146.98527,1
-37.903817,145.150636,1
-32.231958,147.260944,0
-36.138533,146.996489,1
-37.352558,144.13932,1
-37.415704,144.708955,1
-33.798447,149.228624,1
-37.31256,148.214595,0
-33.775213,150.622994,1
-36.0385,146.977,1
-31.48137,149.176203,0
-32.372218,148.869519,0
-35.654187,145.287677,0
-32.66235,148.059806,0
-34.670746,150.274381,1
-36.055374,146.980813,1
-33.759992,150.859431,1
-35.571579,143.94153,1
-36.548775,142.908237,0
-32.022423,147.472483,0
-36.71231,143.35381,0
-33.989037,150.993623,1
-38.007406,145.998966,1
-33.707098,150.96611,1
-36.88829,141.598774,0
-33.422028,150.696645,1
-31.682378,147.967487,0
-36.437104,146.597017,1
-37.60846,142.015405,0
-37.87489,143.41921,1
-38.256866,144.548908,1
-35.3962,149.118,1
-35.914801,144.251455,1
-34.587927,143.731876,0
-31.471386,148.809898,0
-38.296667,142.856164,0
-35.138802,149.905348,0
-33.492239,150.421388,1
-37.308896,142.641081,0
-34.196812,148.469367,0
-33.93795,150.987576,1
-37.891626,143.363386,1
-38.142868,144.015402,1
-34.5357,146.42,1
-33.877643,151.035573,1
-38.21949,145.714207,1
-37.475889,147.555294,0
-36.399499,150.060332,1
-34.395844,150.886491,1
-38.476997,145.746696,0
-34.436951,150.873648,1
-33.6876,150.55,1
-37.223465,148.659358,0
-35.396308,149.1165,1
-36.168177,147.697773,0
-35.145145,148.766675,0
-33.526225,150.704848,1
-33.7828,151.01,1
-34.789409,149.404497,1
-33.7564,150.623304,1
-36.259872,143.514952,1
-36.299868,148.180594,0
-33.030673,145.809334,0
-37.635319,142.767072,0
-37.348283,144.367194,1
-37.843079,145.314137,1
-37.89265,144.218299,1
-38.565157,143.055648,1
-35.381943,149.311236,1
-37.597609,144.232522,1
-34.695495,150.83603,1
-35.223305,147.746725,0
-34.312924,150.914882,1
-34.200959,146.473438,0
-34.810755,143.353121,0
-36.894216,149.903052,1
-36.389682,143.358324,0
-34.512637,149.962166,0
-33.647164,146.657057,0
-35.935689,143.7721,0
-37.481659,143.812442,1
-37.795422,142.397623,0
-34.608505,145.027269,0
-37.770782,145.102219,1
-37.7399,141.091,1
-38.2677,144.494,1
-37.099208,140.913903,0
-37.807584,145.263652,1
-36.469243,144.600857,0
-35.444269,150.360372,1
-33.275696,149.51197,0
-33.3639,147.995,0
-36.018742,148.403081,0
-31.892957,149.262375,0
-37.370845,144.020752,1
-34.423549,150.850099,1
-37.891769,143.363283,1
-34.951182,146.460305,0
-37.591971,144.214953,1
-37.641969,142.400262,0
-35.896154,144.46409,0
-37.9163,147.71,1
-36.269502,146.633008,1
-38.143025,141.660564,0
-34.0133,151.085,1
-35.555584,148.490143,0
-35.796107,142.857915,0
-33.507957,149.704221,1
-35.27773,142.751848,0
-37.27309,149.091054,0
-37.6705,144.597,1
-34.414424,150.856861,1
-34.495506,150.774938,1
-35.773936,148.914918,1
-34.9951,149.304,1
-37.4267,143.719,1
-33.7001,150.37,1
-36.856463,142.933746,0
-33.179466,147.941315,0
-37.8297,144.981,1
-36.450573,145.700534,0
-33.9269,150.943,1
-36.97325,144.178983,1
-34.417,150.471,1
-37.361,144.463,1
-35.927573,143.954102,0
-37.28,144.336,1
-37.239306,142.947608,1
-34.666023,150.746365,1
-36.047304,148.491062,0
-36.071212,145.348674,0
-37.747685,145.287076,1
-38.1785,144.457,1
-32.483528,147.604664,0
-34.809036,143.714754,0
-32.786871,149.681516,0
-36.8895,144.797,1
-35.1248,149.294378,1
-37.143121,142.223243,0
-33.932404,150.923761,1
-36.459582,148.74124,0
-35.793973,146.204868,0
-35.755409,143.958868,1
-33.453278,149.340201,1
-34.289884,149.382351,0
-38.193828,147.07466,1
-38.704114,143.37542,1
-35.016233,150.355795,0
-38.369335,144.980044,1
-34.250033,147.867547,0
-35.239594,148.241367,0
-35.673684,147.595205,0
-38.400158,145.018579,1
-32.232459,148.641977,1
-37.915745,144.424995,1
-36.953132,146.368655,0
-37.472538,144.490027,1
-35.149783,147.623138,1
-35.195506,146.061498,0
-36.557751,146.078046,1
-36.6154,144.51,1
-36.552938,145.988099,1
-37.307108,143.785686,1
-35.944609,145.048237,0
-34.693665,150.185421,1
-34.29476,145.553087,0
-35.437735,147.838648,0
-35.614239,148.914665,1
-35.507055,143.841856,0
-35.80231,148.967599,1
-35.443378,148.478547,0
-35.197479,149.148877,1
-35.946351,148.624029,1
-36.708502,146.186564,0
-36.194763,146.612909,1
-32.633598,147.260557,0
-38.071504,145.305581,1
-36.464452,144.225269,0
-37.493622,144.583256,1
-33.755432,150.623449,1
-34.674342,150.584519,1
-36.755328,149.941567,1
-37.891718,143.363287,1
-35.331427,149.028945,1
-37.1324,143.964,1
-37.860928,145.71794,1
-34.0819,151.145,1
-37.770233,145.307256,1
-32.505134,146.777284,0
-33.963165,150.957774,1
-33.536848,150.193439,1
-37.591318,143.877961,1
-34.524376,148.575184,1
-37.075336,144.501206,1
-33.708534,150.908984,1
-34.496021,150.776645,1
-34.975129,147.781967,1
-36.438449,145.379589,1
-37.581875,143.848397,1
-33.624021,145.019889,0
-33.12845,148.395677,1
-33.7554,150.724,1
-36.202328,147.559288,1
-36.330515,147.443455,0
-36.821332,143.88821,1
-32.109759,147.183976,0
-32.324483,149.949861,1
-36.058037,147.513008,0
-32.40981,146.8838,0
-38.367645,142.480926,1
-35.391878,150.443334,1
-38.1561,144.37,1
-34.366579,150.915452,1
-35.682428,150.234364,1
-38.3715,144.888,1
-37.552955,147.968432,0
-35.8,150.2,1
-32.519512,148.777438,0
-32.432916,147.419587,0
-34.111653,148.912034,0
-37.383829,145.562417,1
-34.020711,147.589927,0
-34.864905,150.218725,1
-34.923729,143.119914,0
-32.803234,149.372119,1
-37.004961,148.883365,1
-33.654264,150.052953,1
-33.7178,150.46,1
-35.273954,149.130538,1
-36.034996,146.98536,1
-35.264993,150.015641,0
-34.743934,149.663207,1
-33.018456,147.63551,0
-37.38533,146.108331,0
-34.9892,150.602,1
-32.559606,148.958096,1
-36.501331,149.001573,0
-37.783551,146.656783,0
-37.641628,145.197307,1
-37.596239,144.239554,1
-37.722166,145.13352,1
-34.085326,144.068052,0
-37.292762,143.004826,1
-35.945997,148.624089,1
-36.30246,144.228118,0
-32.816461,147.645524,0
-36.467048,143.384162,0
-35.631015,146.599474,0
-34.752536,144.10851,0
-35.268024,143.332513,0
-34.04286,145.070749,0
-36.907704,145.58082,0
-37.065645,145.509163,1
-34.194924,150.980082,1
-33.439716,150.052463,1
-36.227433,148.179075,0
-35.269531,150.490118,1
-34.3221,150.912,1
-34.662888,150.844346,1
-37.377188,147.882138,0
-35.3516,149.23,1
-34.413696,150.818054,1
-33.749421,150.863712,1
-34.753971,142.9643,0
-37.269612,145.898773,1
-37.643374,145.295913,1
-34.6832,150.852,1
-35.3898,149.049,1
-31.186165,148.895417,1
-35.807819,150.021558,1
-36.890526,149.596353,1
-33.75771,150.622316,1
-37.175361,142.286008,0
-35.206158,148.391308,0
-33.748358,150.662162,1
-37.891486,143.363348,1
-33.368067,149.750606,1
-33.240038,148.958006,1
-32.194509,148.898896,1
-37.444261,143.889436,1
-34.435325,150.893695,1
-35.302923,142.466252,0
-37.218302,140.714063,0
-36.336203,142.969306,0
-36.046507,150.125423,1
-37.583401,142.650008,0
-35.9234,150.082,1
-33.408245,149.820293,1
-34.674571,150.706669,1
-38.452189,142.784524,0
-36.888269,145.23567,1
-32.424189,148.131656,0
-33.896539,146.04229,1
-33.952462,144.853359,0
-36.069808,146.846074,1
-35.268426,147.00253,0
-33.588778,147.160678,0
-38.177592,144.574942,1
-34.091255,148.310788,0
-36.722015,142.212924,1
-36.169522,150.131408,1
-33.537871,150.413388,1
-37.866934,145.355469,1
-32.93392,148.883737,1
-36.896975,145.159813,1
-33.835023,147.889519,0
-36.744671,145.046851,0
-33.756287,150.623326,1
-33.9091,150.622,1
-37.589474,143.659978,1
-34.493752,150.766417,1
-33.620534,150.642713,1
-36.328687,146.855927,0
-37.667024,142.635367,0
-34.320099,150.570057,1
-32.149148,147.672098,0
-34.816124,144.879479,0
-36.569054,143.605066,0
-35.387249,142.823471,0
-38.220867,142.268441,0
-37.40287,146.0895,0
-32.180778,147.856906,0
-39.065186,146.430123,1
-34.3881,150.869,1
-37.368123,146.269298,0
-35.201843,149.142707,1
-35.3302,149.415,0
-34.950366,149.483345,1
-35.135068,145.691026,0
-33.749734,150.963429,1
-36.756205,144.273138,1
-33.485926,149.920134,0
-33.146878,148.671379,0
-37.666865,144.023332,1
-35.1508,149.147,1
-37.939641,143.832774,1
-31.758522,148.204647,0
-37.703106,146.805331,0
-38.175499,146.274086,1
-33.817757,150.930846,1
-38.07862,143.268661,1
-37.021358,149.254627,1
-35.965196,146.942733,0
-37.891771,143.363275,1
-37.5425,143.824,1
-33.755831,150.631044,1
-36.608933,140.963627,0
-36.565728,143.349491,0
-35.611942,145.818172,0
-32.270119,147.120712,0
-35.979702,144.195593,0
-37.564529,144.089616,1
-37.703,145.284,1
-37.6978,140.643,1
-36.579709,145.378498,0
-35.367955,147.726096,0
-33.732058,149.055078,0
-33.049931,147.720107,0
-36.973004,144.178813,1
-38.109144,145.319458,1
-36.437449,148.443077,1
-34.825699,149.825122,1
-37.8522,141.02,0
-35.903865,144.240682,1
-35.5469,144.965,0
-35.266154,144.933841,0
-37.987813,143.547176,1
-36.123246,147.099168,1
-34.004071,150.863678,1
-34.186121,150.770389,1
-36.516596,149.361434,0
-35.81895,141.305028,0
-33.761768,151.001433,1
-37.4361,143.912,1
-37.165357,142.69447,1
-34.945692,144.920651,0
-37.7756,145.358,1
-37.928009,145.513486,1
-34.531323,145.925565,0
-37.7825,144.952,1
-33.35863,147.574441,0
-34.531469,150.217997,1
-35.741855,149.377556,1
-34.0814,151.018,1
-36.070208,147.783765,0
-38.6958,146.075,1
-37.7163,144.583,1
-34.492863,150.768611,1
-36.3289,144.019,1
-34.044678,151.074835,1
-33.766484,149.457169,0
-37.747799,145.286996,1
-37.8271,145.148,1
-34.832431,149.598473,1
-36.719484,149.962796,1
-36.099848,147.201278,0
-35.2817,150.475476,1
-37.312832,144.648438,1
-34.7532,146.547,1
-38.573081,146.311211,1
-33.658706,147.437113,0
-35.249547,144.137616,1
-37.405919,147.931367,0
-36.419808,149.105459,0
-36.037689,146.978048,1
-34.082081,144.145485,0
-37.9533,146.991,1
-35.1767,149.104,1
-36.49151,144.664611,0
-36.868931,146.970702,0
-37.79545,148.497673,1
-37.2525,144.913,1
-34.678841,150.066876,1
-37.323216,142.70901,1
-37.521784,144.007016,1
-31.790894,147.706514,1
-37.3629,144.089,1
-33.795401,150.743484,1
-35.3199,149.107,1
-38.291456,143.314428,0
-32.258841,148.585035,1
-36.396863,148.77441,0
-37.125992,148.388538,0
-36.632891,149.051414,0
-33.710236,150.070067,1
-33.83686,149.715201,0
-37.326006,140.638773,0
-36.99488,140.672205,0
-34.091566,145.100841,0
-37.360069,146.910992,0
-37.114502,146.202532,0
-36.409312,144.416771,0
-38.188,144.452,1
-34.579233,150.772393,1
-37.1895,150.017,1
-35.1787,147.365,1
-34.095607,150.979367,1
-36.43499,145.22396,1
-38.4978,145.647,1
-34.744464,150.696489,1
-34.102979,150.971839,1
-37.972175,145.45695,1
-35.8652,147.249,1
-37.441939,145.61636,1
-38.401972,145.916221,1
-35.3847,150.359,1
-37.93836,145.747741,1
-35.0763,150.677,1
-34.577025,146.131961,0
-37.755664,149.339757,0
-37.868663,143.361653,1
-34.856434,150.582199,1
-34.577,150.777,1
-36.667575,140.452727,0
-33.392876,147.211156,0
-38.195097,145.230738,1
-35.573997,145.252764,0
-38.135761,145.23665,1
-34.413875,148.914543,0
-37.54634,144.890591,1
-34.8827,147.497,1
-35.589865,145.307561,0
-36.938389,148.625259,0
-36.715716,142.968651,0
-35.24949,149.167438,1
-37.049728,144.217081,1
-36.381209,148.771909,0
-34.967754,145.622784,0
-34.312005,146.005604,1
-36.440156,144.826576,1
-36.6326,149.763,1
-34.984598,149.918896,1
-37.882807,147.767802,1
-32.260556,148.300386,0
-31.729768,148.905961,0
-38.080715,145.512176,1
-33.491151,148.955402,1
-37.113834,146.142272,1
-35.090818,148.413512,1
-31.935802,148.91796,0
-36.051228,145.023086,1
-36.45557,145.873701,1
-36.401879,141.779954,0
-34.354523,149.539576,0
-34.909147,143.224629,0
-35.031789,149.751287,0
-37.767,140.801,1
-35.319136,143.524967,1
-36.063431,146.800766,1
-37.365714,147.373998,0
-35.380272,149.695523,1
-37.788399,142.306782,0
-32.234703,148.288579,1
-37.118438,142.296832,0
-34.927423,146.106566,0
-33.869547,146.810917,0
-35.638682,143.365028,0
-38.242735,144.233089,1
-37.705,140.771,1
-34.3633,149.395,0
-36.034658,147.016479,1
-34.794211,148.414092,0
-35.333746,149.480535,1
-38.298842,145.224281,1
-33.6713,149.769,1
-36.223434,146.06091,0
-34.942203,148.228408,0
-37.982436,147.490536,0
-38.6405,145.602992,1
-38.018182,143.392158,1
-38.092666,141.929339,0
-34.454155,146.510615,0
-38.598724,145.868891,1
-38.741238,146.154425,1
-34.435493,150.893402,1
-37.6544,145.149,1
-36.121718,144.240399,0
-33.755787,150.623347,1
-35.268546,148.231909,0
-37.53538,143.447542,0
-34.858503,149.144317,1
-34.1444,150.826,1
-38.374845,144.775049,1
-34.7,150.7,1
-36.887822,141.176983,0
-34.495663,150.770852,1
-37.7228,142.028,1
-32.428581,150.062412,0
-35.980231,142.150132,0
-35.903475,145.423782,1
-37.099088,141.369183,0
-36.421056,143.913074,0
-34.955628,149.195802,1
-35.9196,150.086,1
-33.994649,144.375272,0
-35.368167,144.2655,0
-36.044186,146.983481,1
-37.326907,144.136447,1
-37.148865,144.960939,1
-36.779789,147.268044,0
-36.48765,144.637152,0
-34.136216,150.866503,1
-36.389742,146.536766,1
-34.305301,150.413424,1
-36.153224,140.913024,0
-37.0569,147.782,1
-33.755566,150.628605,1
-37.882142,145.450935,1
-37.378097,143.932747,1
-36.8271,149.831,1
-38.936887,146.247053,1
-34.359735,145.933713,0
-36.2158,150.125,1
-37.106384,145.580146,1
-36.413968,146.62391,1
-34.349617,148.036488,0
-38.074698,141.112296,0
-36.848322,142.856756,0
-38.073239,144.227652,1
-32.74204,146.807413,0
-34.0972,150.823,1
-34.591646,143.510161,0
-37.339827,147.871357,0
-37.686437,145.124413,1
-38.683,145.877,1
-36.857659,147.705176,0
-36.489598,148.277097,0
-37.451835,149.378794,0
-37.6098,144.548,1
-37.212315,148.327409,0
-36.429666,149.489623,0
-35.072791,149.60407,1
-38.486571,143.653152,1
-36.973154,144.178922,1
-35.725821,147.419078,1
-34.319511,150.92491,1
-34.955709,149.195408,1
-33.928125,150.257814,0
-35.977617,148.692731,1
-33.294437,150.521413,1
-35.077249,146.451235,0
-36.217594,145.816335,0
-36.560101,148.594577,0
-37.726216,140.910631,1
-34.2499,150.938,1
-33.180211,147.462809,1
-34.579115,150.772212,1
-34.495929,150.775691,1
-35.2552,149.13,1
-32.7502,146.206292,0
-37.881624,147.682312,1
-36.949399,140.741389,0
-34.0545,150.689,1
-33.699399,150.384499,1
-36.143133,146.070907,0
-33.925226,148.400097,0
-36.021629,143.272468,0
-35.160439,148.51645,0
-33.25364,150.194996,1
-35.3163,149.16,1
-38.192881,145.199603,1
-37.794007,145.303336,1
-34.677659,147.900535,0
-36.557264,144.173662,1
-34.320306,150.569545,1
-36.925169,145.785973,1
-34.779113,150.564148,1
-38.458448,146.013227,0
-37.269858,145.283462,1
-35.544723,143.176546,0
-34.496598,150.776919,1
-33.205592,148.998856,1
-38.069495,143.755737,0
-38.339039,144.064035,1
-37.819555,144.483628,1
-34.070654,150.839789,1
-34.341083,147.897967,0
-32.122301,149.295959,0
-33.3763,150.185,1
-34.94699,149.258248,1
-34.806477,149.549748,1
-35.481492,147.918783,0
-36.51051,143.632735,1
-37.880727,144.243946,1
-35.808663,147.316389,1
-36.538427,146.012162,1
-34.461366,145.367168,0
-36.730792,147.471346,0
-37.445985,145.928958,0
-33.756348,150.623815,1
-34.624675,145.284671,0
-35.366578,150.31191,1
-34.044809,151.074954,1
-36.023455,144.687682,1
-34.413703,150.817978,1
-37.34341,144.175701,1
-34.495942,150.775879,1
-35.498419,143.925282,1
-34.49631,150.776816,1
-34.662635,147.618984,0
-35.163,149.146,1
-37.733634,144.055248,1
-37.9528,144.436,1
-32.387012,148.865516,0
-33.96,150.957,1
-37.80744,145.263692,1
-36.154999,143.308655,0
-38.709956,145.853886,1
-37.807691,145.263756,1
-38.502686,146.632761,0
-34.000395,151.06075,1
-37.180672,143.621751,1
-37.905498,143.017079,0
-35.11674,146.89765,0
-37.349747,144.139883,1
-38.063412,141.249361,0
-33.982117,151.066011,1
-36.113857,143.884938,1
-35.951409,148.59457,0
-34.110792,149.673788,0
-36.426174,149.037604,0
-34.0199,150.859,1
-35.246063,149.446204,1
-36.551761,148.433261,1
-32.380151,148.009261,0
-34.038687,150.218199,1
-33.886193,144.371153,0
-38.486824,145.881592,1
-37.38737,144.319047,1
-36.988109,142.43434,0
-33.5463,150.261,1
-37.202312,143.409832,1
-35.393178,149.046771,1
-37.61306,140.593212,1
-35.057847,143.237773,0
-34.004674,148.549158,0
-32.817359,149.139764,0
-37.391895,149.705071,0
-37.894646,144.219237,1
-37.491302,144.579176,1
-35.495144,148.794392,0
-36.5086,142.025,1
-38.182479,144.654869,1
-35.469594,145.845104,0
-33.688926,150.320299,1
-36.75693,144.030809,1
-38.8244,146.259,1
-34.940503,149.251542,1
-37.807552,145.26351,1
-38.219,145.067,1
-33.774508,150.64033,1
-34.730156,148.179436,1
-33.756256,150.623158,1
-35.2293,149.098,1
-38.240914,146.835123,0
-36.095815,141.821796,0
-33.794816,150.931836,1
-37.323102,148.179046,0
-37.892673,144.218114,1
-35.571758,143.279914,0
-37.630431,148.374211,0
-35.000761,149.894603,1
-36.219856,148.858965,0
-35.943797,146.964892,1
-35.264784,146.099191,0
-33.539843,148.178574,0
-34.60569,144.558528,0
-37.891675,143.363345,1
-32.018284,149.301806,0
-37.464856,145.398811,1
-33.337788,147.963828,0
-33.755586,150.983213,1
-36.366172,146.699679,1
-37.777221,144.985532,1
-33.599268,145.509348,0
-34.085,151.155,1
-35.792618,147.37319,0
-37.756811,147.661909,1
-35.190416,145.695452,0
-38.424519,143.111485,0
-34.221562,144.063804,0
-34.672329,150.80693,1
-34.307193,144.525098,0
-37.238597,144.375549,1
-37.089689,141.942251,0
-37.755512,147.539164,1
-33.8074,150.66,1
-35.331407,149.029244,1
-33.685889,150.534012,1
-37.344613,144.155713,1
-37.396567,147.04655,0
-34.495528,150.775083,1
-34.075553,150.757157,1
-34.313134,150.923252,1
-32.716147,149.81687,0
-36.555181,142.657837,0
-37.893212,143.361976,1
-35.360641,143.738279,1
-33.303754,149.023195,1
-37.6532,143.877,1
-38.381989,144.853934,1
-37.186877,148.265713,0
-37.934749,143.318729,1
-38.196297,145.23106,1
-36.281735,145.893046,0
-33.6878,150.55,1
-32.399769,150.036731,0
-37.196515,141.366538,0
-36.577454,145.962548,1
-36.736139,148.79493,0
-38.668743,146.678045,1
-32.765122,150.067136,0
-35.107269,146.264964,1
-33.43497,150.521935,1
-35.407764,146.610583,0
-37.807373,145.263744,1
-37.597925,144.232871,1
-36.5388,147.053,1
-33.4356,149.57,1
-36.236453,148.104813,0
-33.743866,150.861559,1
-37.7885,146.923098,1
-35.250336,149.447554,1
-34.328801,148.00439,0
-33.649107,149.067863,1
-35.17993,149.813943,1
-36.076318,142.899095,0
-32.489672,149.657552,1
-34.523027,147.26022,0
-37.804443,143.416449,1
-36.21561,149.120349,1
-36.478759,148.277135,0
-37.226572,140.280486,0
-33.239177,146.781921,0
-34.00351,150.863924,1
-31.954261,148.733924,0
-36.161886,141.317686,0
-35.489565,144.657155,0
-37.986155,141.030673,0
-33.5718,148.425,0
-34.784802,147.885431,0
-37.8295,144.909,1
-37.826563,145.144391,1
-33.242049,149.358113,1
-34.949171,148.736561,0
-34.582641,145.488416,0
-33.499226,148.18481,1
-35.014154,150.82765,1
-36.360566,147.096908,0
-34.3885,150.869,1
-36.817138,144.428848,1
-37.504185,142.658431,0
-34.639992,150.558916,1
-36.106709,147.969297,0
-34.8378,150.599,1
-35.701153,146.909604,1
-36.048372,148.912738,0
-36.276076,141.899013,0
-35.262331,147.368678,0
-35.417143,149.233281,1
-36.147111,142.002441,0
-33.7413,150.949,1
-35.674207,146.256143,0
-37.343804,144.178533,1
-32.5864,149.582,1
-37.331422,147.80481,0
-33.959495,150.968138,1
-32.701116,149.937028,0
-37.253802,149.002017,0
-37.807617,145.263773,1
-34.365162,144.161028,0
-36.375974,146.475366,1
-34.496078,150.775453,1
-37.690744,144.868506,1
-38.0025,146.053689,1
-33.449011,145.814025,0
-35.339489,146.928378,0
-36.4159,148.408,1
-34.60669,150.225213,1
-34.474167,145.362739,0
-37.196899,148.224653,0
-36.029686,147.556065,0
-34.063584,151.123891,1
-35.4225,149.243,1
-33.654978,150.052534,1
-36.386074,143.447854,0
-34.3157,150.569,1
-37.54953,145.425683,1
-33.936523,150.9781,1
-37.596932,144.23772,1
-32.936413,148.585253,0
-34.991912,143.5676,0
-37.763729,148.987744,0
-35.32774,148.527054,1
-38.050782,145.731574,1
-37.206476,143.110385,1
-37.90136,143.519165,1
-37.7333,142.039,1
-33.752581,150.483407,1
-35.144516,146.782755,0
-33.7155,150.43,1
-35.895171,143.260472,0
-36.906009,149.243257,1
-38.2277,144.545,1
-36.392993,142.991083,0
-35.640521,144.281207,0
-37.838198,145.009545,1
-38.387362,143.623021,1
-34.030213,150.67724,1
-34.564244,149.497575,0
-38.591957,145.576938,1
-34.797198,149.77598,1
-34.329565,150.908551,1
-32.258788,148.58524,1
-36.208855,146.237332,0
-36.101104,146.539887,0
-37.341022,144.402432,1
-34.417081,147.463975,0
-37.805575,145.594988,1
-38.175008,142.704423,0
-34.761956,149.873951,1
-34.217973,150.598837,1
-31.542424,149.424855,0
-36.037,146.369,1
-37.12993,141.090122,0
-37.207573,146.576518,0
-36.786562,149.281321,1
-36.621144,148.509716,0
-35.912691,146.527644,0
-35.073166,144.162838,0
-31.459169,149.169533,0
-36.291261,144.798925,1
-34.481422,146.924858,0
-34.087437,151.05457,1
-37.037703,145.676514,1
-35.3219,150.477,1
-34.392364,150.870457,1
-34.0156,150.836,1
-36.704509,142.70572,0
-36.324628,149.943944,1
-36.973088,144.178735,1
-34.54307,143.496655,0
-36.787028,141.640744,0
-38.148662,141.903562,0
-37.262573,144.195878,1
-35.206111,149.111635,1
-37.035136,141.32701,0
-31.469542,148.36233,0
-38.381927,144.950238,1
-35.2374,149.62,1
-36.0193,146.35,1
-36.45255,149.930902,1
-36.776955,142.404223,0
-37.807457,145.263575,1
-37.874759,142.994169,0
-34.413568,149.197664,1
-38.397302,144.93191,1
-34.898575,146.542642,1
-37.59835,149.723082,1
-34.7955,150.67,1
-34.561183,150.823695,1
-34.302914,150.005931,1
-33.932723,150.63474,1
-37.8327,144.983,1
-37.884529,143.494997,1
-32.890035,149.039888,0
-37.117428,145.292595,1
-34.690443,149.075535,1
-37.767437,148.093275,1
-36.320693,146.299811,1
-37.3072,144.264,1
-35.2278,149.707,1
-38.484734,145.968527,1
-37.493671,144.583481,1
-38.14814,145.324961,1
-37.632,144.84,1
-37.363098,149.802286,0
-35.32645,142.056023,0
-36.258082,149.766185,0
-35.205,149.014,1
-37.30178,144.119374,1
-35.979893,143.529261,0
-36.1971,149.078,1
-37.830025,144.816832,1
-36.037689,146.987912,1
-35.3749,149.203,1
-33.314214,149.869421,1
-37.387089,144.319993,1
-36.6695,149.831,1
-33.087204,147.747252,0
-34.613593,145.255065,0
-36.163341,144.09141,0
-35.106791,149.21386,1
-36.764991,142.484783,0
-34.18329,145.083076,0
-36.676917,144.743175,1
-37.91278,143.359986,1
-33.950363,147.532856,0
-35.2384,149.621,1
-37.352416,144.139379,1
-32.2133,149.79,1
-36.404675,146.906058,0
-33.530102,145.83384,0
-32.21316,147.278411,0
-33.666161,150.458516,1
-32.249812,148.482706,1
-35.128105,147.821748,0
-37.344278,144.178812,1
-35.909755,144.163646,1
-34.041394,151.03636,1
-37.891785,143.363381,1
-34.258151,149.885491,1
-33.651646,148.425885,0
-35.965413,147.857817,0
-37.08891,144.474497,1
-36.651533,149.722333,1
-34.496149,150.775262,1
-34.147675,147.219198,0
-37.0,146.2,1
-38.093015,146.700734,1
-33.538905,145.852291,0
-35.336512,149.109733,1
-35.2175,149.344,1
-34.8917,150.609,1
-37.873057,143.401862,1
-35.687837,145.800743,0
-36.846034,145.506322,1
-37.464899,145.398779,1
-34.555235,148.425723,1
-33.361559,147.695196,0
-36.4227,148.625,1
-36.743241,147.623191,0
-33.535605,145.401644,0
-37.6103,145.327,1
-32.842512,149.047036,0
-33.756195,150.623178,1
-38.657038,146.713813,1
-37.351777,144.139205,1
-38.0302,145.533,1
-37.726499,149.164164,0
-37.06413,145.300861,1
-32.909805,146.790223,0
-36.040911,143.802161,1
-37.420297,143.186095,0
-36.144313,146.968064,1
-34.472667,148.324401,1
-37.474442,143.953084,1
-37.472538,140.655192,0
-36.8111,144.236,1
-38.058532,143.666679,1
-33.898983,147.402711,0
-32.888624,149.236058,1
-34.670017,143.751091,0
-33.698347,145.825306,0
-33.308624,148.012158,0
-33.755291,150.623651,1
-35.290314,149.364414,1
-37.466599,147.604011,0
-33.972,151.066,1
-36.908969,141.38678,0
-35.3625,149.247,1
-35.804114,145.192622,0
-37.694227,145.238427,1
-37.4253,145.441,1
-36.691326,142.413244,0
-34.07482,151.04344,1
-34.539227,150.386995,1
-35.316507,149.034157,1
-35.2038,149.014,1
-35.8416,148.98,1
-37.7327,143.799,1
-35.230534,149.404564,1
-34.573932,148.923234,0
-36.851258,145.50667,1
-33.7006,150.871,1
-36.973163,144.179028,1
-33.972122,150.868737,1
-36.329596,145.304428,1
-38.1551,144.31,1
-33.52614,150.704924,1
-36.735258,144.270175,1
-34.891914,144.932694,0
-37.932979,144.760299,1
-37.823875,145.247236,1
-36.658857,146.233645,1
-37.881567,146.318203,0
-35.2355,149.161,1
-34.595524,150.85052,1
-36.95133,142.95763,0
-36.130886,143.643595,0
-37.87551,145.286999,1
-34.178708,150.992553,1
-34.461,149.467,1
-35.278277,149.109279,1
-35.955132,146.476046,1
-38.735,143.429297,1
-31.854045,149.112122,0
-38.486617,143.921887,1
-36.713932,142.30688,1
-38.40696,144.072561,0
-37.894909,145.99878,1
-34.575184,150.763426,1
-37.800812,144.890868,1
-33.7889,148.415,0
-37.715754,143.848426,1
-34.5339,146.424,1
-36.34773,143.273732,0
-37.474746,148.07643,0
-38.031416,144.473363,1
-34.0528,150.528,1
-37.4695,144.744,1
-36.557599,146.078069,1
-36.599289,142.761617,0
-37.349618,144.139895,1
-34.443892,146.442975,0
-34.750357,148.148374,0
-36.624323,146.590368,1
-36.231428,144.036762,0
-36.073046,148.436182,1
-33.7178,150.373529,1
-37.386974,144.319759,1
-35.802376,148.828008,0
-37.770838,145.102238,1
-36.445663,145.061029,1
-35.035231,143.785013,0
-38.4086,145.536,1
-36.584475,149.484712,0
-35.7954,150.229,1
-35.410936,146.384837,0
-36.010873,147.371696,0
-37.3862,144.453,1
-37.7073,140.948,1
-33.342761,145.736478,0
-34.45569,150.442003,1
-36.241444,144.720379,1
-32.194,148.90032,1
-32.874551,150.209804,1
